transaction_id,user_id,amount,transaction_type,timestamp
1,10,211.51,debit,2024-12-03 15:31:32
2,292,519.24,debit,2024-12-12 21:52:51
3,305,539.76,debit,2024-07-25 00:00:37
4,7,988.43,debit,2024-07-17 22:59:15
5,406,833.11,debit,2024-08-23 18:37:44
6,196,296.01,debit,2025-01-28 13:27:59
7,126,140.21,debit,2024-12-19 21:26:25
8,393,253.75,debit,2024-09-26 08:58:43
9,201,780.15,credit,2024-08-06 10:08:04
10,102,903.25,credit,2024-11-03 17:13:23
11,77,581.66,credit,2024-09-23 22:45:07
12,322,380.92,debit,2024-10-25 03:00:00
13,168,483.15,credit,2024-09-24 07:34:41
14,342,236.19,debit,2025-01-06 06:32:21
15,491,900.68,credit,2025-01-24 18:44:36
16,105,476.55,credit,2025-04-01 01:38:14
17,60,963.6,debit,2024-11-07 00:22:36
18,200,344.72,credit,2024-07-25 12:58:02
19,214,144.18,debit,2025-01-16 21:28:12
20,463,767.34,debit,2024-05-15 19:59:58
21,375,405.31,debit,2024-12-10 11:24:08
22,189,487.63,credit,2025-01-01 08:28:56
23,112,51.42,credit,2024-06-13 21:37:03
24,272,141.78,debit,2025-01-23 08:10:44
25,328,114.25,credit,2024-05-02 22:51:33
26,89,65.96,debit,2025-01-14 03:18:24
27,327,928.21,debit,2024-07-19 00:41:51
28,369,561.28,credit,2024-05-26 07:34:53
29,340,623.98,credit,2025-01-30 22:32:49
30,469,530.72,debit,2024-11-25 13:25:46
31,375,802.09,credit,2024-12-26 20:55:50
32,19,855.99,debit,2024-08-30 17:29:07
33,367,370.01,debit,2025-01-11 11:14:59
34,78,929.15,credit,2024-11-18 20:15:30
35,194,394.13,debit,2024-10-25 13:00:13
36,63,176.91,credit,2024-09-02 21:07:19
37,30,492.26,credit,2024-11-05 15:03:02
38,321,433.21,credit,2024-08-03 03:23:32
39,159,632.56,credit,2024-08-19 10:07:46
40,476,226.03,credit,2024-11-12 02:12:46
41,3,235.56,credit,2025-02-16 21:43:00
42,218,791.84,debit,2024-04-23 23:10:03
43,473,925.21,debit,2024-07-24 01:13:51
44,370,60.28,debit,2025-04-13 19:01:45
45,5,899.1,credit,2024-11-09 20:25:32
46,239,212.56,debit,2024-09-04 18:34:44
47,97,663.79,debit,2024-11-14 14:52:52
48,467,193.72,credit,2025-04-14 04:08:50
49,481,369.52,credit,2024-05-16 03:45:52
50,186,338.9,debit,2024-09-03 16:05:59
51,325,766.1,credit,2024-10-08 03:20:56
52,242,992.72,credit,2025-03-02 16:11:06
53,390,126.66,debit,2024-05-19 03:45:20
54,260,632.26,credit,2025-03-07 04:13:23
55,490,536.3,credit,2024-12-31 10:15:11
56,125,288.82,debit,2025-04-11 06:07:27
57,344,907.24,debit,2025-01-14 22:42:54
58,63,880.01,debit,2024-06-10 12:44:36
59,429,886.5,credit,2024-10-24 14:28:46
60,398,134.31,debit,2025-01-12 04:37:24
61,308,575.71,credit,2024-11-28 16:59:30
62,378,781.2,credit,2025-02-09 19:04:17
63,442,86.24,debit,2024-11-30 17:23:26
64,500,587.65,credit,2024-07-26 07:38:35
65,440,540.44,debit,2024-09-01 19:14:35
66,361,466.99,debit,2024-11-03 11:53:43
67,131,608.04,debit,2024-04-22 23:15:31
68,26,318.4,debit,2025-02-01 15:51:08
69,210,428.98,debit,2025-02-28 14:34:44
70,488,73.37,credit,2024-09-24 14:14:14
71,409,37.46,credit,2025-04-02 18:21:42
72,166,554.93,credit,2024-04-18 20:24:14
73,357,60.42,credit,2024-07-12 08:22:41
74,246,608.29,debit,2025-04-01 22:58:23
75,268,400.5,debit,2024-11-06 12:35:28
76,7,292.78,debit,2024-09-23 19:57:45
77,453,842.55,debit,2025-04-11 04:01:55
78,456,246.58,credit,2024-04-28 08:11:53
79,447,972.04,credit,2025-04-06 21:09:09
80,463,647.61,debit,2025-03-03 12:01:38
81,498,452.5,credit,2024-07-18 13:42:45
82,443,170.93,debit,2024-07-18 09:59:08
83,480,565.39,credit,2024-07-03 20:54:02
84,14,857.83,debit,2024-05-17 13:39:52
85,436,213.08,debit,2024-11-21 19:27:37
86,108,877.9,debit,2025-03-27 15:05:16
87,47,112.19,debit,2024-06-12 00:03:23
88,314,901.32,credit,2024-09-13 04:48:13
89,248,802.16,debit,2024-06-12 06:18:54
90,496,207.42,credit,2024-05-28 12:34:09
91,337,775.15,credit,2024-07-13 17:25:50
92,251,314.1,debit,2025-01-28 21:14:47
93,17,60.17,credit,2025-02-20 20:50:06
94,211,373.3,debit,2024-09-24 09:30:41
95,171,380.92,debit,2025-03-04 04:38:51
96,489,933.51,credit,2025-04-15 15:44:03
97,308,333.88,debit,2025-04-05 02:58:03
98,104,85.32,debit,2025-01-04 10:19:05
99,2,401.07,credit,2024-12-22 23:06:07
100,27,217.76,credit,2024-09-29 00:40:28
101,442,716.59,debit,2024-09-27 03:21:34
102,43,919.53,credit,2025-02-10 22:35:47
103,179,437.95,debit,2025-01-29 19:54:14
104,288,56.58,debit,2024-08-28 22:52:02
105,496,952.41,debit,2024-05-31 07:14:18
106,288,169.36,credit,2025-04-06 05:45:13
107,321,738.23,debit,2024-06-20 10:49:48
108,42,520.24,debit,2024-12-21 21:28:27
109,130,869.79,debit,2025-04-11 22:46:43
110,441,946.24,credit,2024-05-14 00:25:55
111,315,410.21,debit,2024-04-28 07:50:53
112,479,350.44,credit,2024-10-13 10:46:10
113,295,114.99,credit,2024-12-29 12:58:35
114,471,82.1,credit,2025-02-19 02:00:05
115,334,907.09,credit,2024-04-19 03:50:41
116,448,12.75,debit,2025-01-23 10:06:48
117,397,295.99,debit,2024-12-30 08:15:30
118,160,381.78,debit,2024-06-17 11:13:58
119,454,259.98,debit,2024-05-02 22:16:44
120,162,105.46,credit,2024-06-30 08:02:09
121,250,317.78,debit,2024-04-24 17:44:57
122,442,246.93,credit,2025-02-20 17:06:53
123,194,288.85,debit,2025-02-02 19:41:50
124,293,506.73,credit,2025-01-06 17:00:44
125,159,421.45,debit,2024-08-15 11:25:17
126,304,622.17,credit,2024-10-18 07:53:30
127,166,981.85,debit,2024-05-20 01:05:07
128,63,929.44,debit,2025-01-10 00:26:56
129,243,688.29,credit,2024-08-10 22:25:40
130,28,939.98,debit,2024-07-07 06:34:47
131,451,968.89,debit,2024-08-02 21:07:14
132,36,419.14,debit,2024-06-02 01:28:53
133,493,468.48,debit,2024-06-04 05:16:37
134,53,483.19,debit,2025-03-10 16:07:52
135,35,568.6,credit,2024-12-25 02:37:10
136,105,29.79,credit,2024-08-06 00:28:28
137,70,98.85,debit,2025-03-16 07:13:42
138,154,178.08,credit,2024-05-27 08:42:44
139,137,548.01,debit,2024-08-11 02:22:24
140,352,686.52,debit,2024-06-05 00:58:04
141,310,930.85,credit,2025-02-11 11:12:37
142,165,431.02,credit,2024-08-31 09:16:51
143,114,445.18,credit,2024-09-21 19:42:33
144,207,795.11,credit,2024-09-07 06:00:37
145,4,482.03,debit,2024-07-16 03:42:08
146,441,564.82,credit,2024-05-16 10:39:57
147,32,601.67,credit,2024-06-15 14:00:51
148,262,631.91,credit,2024-08-21 10:44:29
149,210,174.7,debit,2024-04-21 21:31:51
150,158,56.6,credit,2024-08-15 20:10:26
151,420,845.69,credit,2025-01-22 15:48:11
152,90,950.3,credit,2024-10-19 21:13:47
153,41,65.88,credit,2024-08-14 15:20:43
154,237,955.64,credit,2024-09-14 11:02:14
155,18,775.71,debit,2025-01-15 10:23:07
156,451,161.66,debit,2025-04-02 12:36:56
157,311,821.02,credit,2024-08-09 23:37:29
158,498,105.55,debit,2024-05-13 15:04:22
159,118,709.83,debit,2024-10-08 13:21:29
160,411,767.7,credit,2024-07-25 16:14:12
161,479,719.6,credit,2024-05-06 17:31:32
162,108,738.83,credit,2024-09-30 19:35:56
163,261,295.79,debit,2024-11-14 12:15:49
164,34,841.68,credit,2025-01-18 16:25:44
165,288,559.53,debit,2024-11-25 01:03:47
166,59,602.55,credit,2024-09-02 15:20:01
167,165,291.45,credit,2025-04-06 00:48:47
168,400,96.41,credit,2024-07-29 22:11:53
169,283,875.13,credit,2024-11-07 03:55:39
170,453,580.05,debit,2025-03-06 08:45:12
171,377,444.55,debit,2024-11-26 05:12:32
172,423,231.57,credit,2024-07-23 19:35:58
173,489,697.42,debit,2025-01-31 16:49:51
174,118,453.27,debit,2025-04-14 13:45:01
175,382,214.93,debit,2025-03-17 14:23:45
176,16,938.87,debit,2024-06-02 16:17:37
177,83,31.54,debit,2025-02-15 03:49:40
178,250,482.15,credit,2024-12-30 05:26:59
179,51,428.35,credit,2024-11-21 09:00:49
180,38,843.31,credit,2024-06-09 06:44:13
181,395,700.8,credit,2024-06-13 03:22:41
182,454,661.48,debit,2024-10-26 08:58:21
183,164,709.66,debit,2025-02-25 17:48:54
184,263,396.62,debit,2024-07-04 07:38:17
185,35,640.28,debit,2024-07-16 18:41:41
186,473,714.04,credit,2025-01-19 02:08:37
187,164,524.74,debit,2024-12-12 09:59:04
188,195,741.04,credit,2025-02-25 17:47:34
189,350,412.41,debit,2025-03-17 19:58:03
190,311,648.51,credit,2024-11-26 19:23:36
191,330,745.04,credit,2025-03-21 14:05:25
192,389,971.43,debit,2024-05-11 23:26:30
193,472,185.91,credit,2024-12-06 10:40:39
194,84,518.74,debit,2025-04-13 12:28:27
195,163,753.22,debit,2024-05-01 12:58:01
196,485,154.98,debit,2024-07-29 01:45:35
197,149,51.0,debit,2025-03-11 19:25:33
198,378,706.18,credit,2024-07-13 19:23:56
199,329,472.58,credit,2024-12-23 11:10:13
200,425,356.03,debit,2024-12-09 07:18:42
201,394,710.97,credit,2024-06-10 01:47:11
202,110,598.45,debit,2024-07-13 02:25:19
203,64,586.02,debit,2024-12-24 18:37:12
204,263,284.99,debit,2024-12-08 14:09:23
205,183,918.1,credit,2025-02-01 06:09:34
206,22,87.55,debit,2024-08-09 10:05:28
207,357,971.51,credit,2025-02-21 06:18:15
208,237,949.9,credit,2024-11-13 09:44:09
209,142,657.89,debit,2024-04-24 23:13:56
210,229,375.01,credit,2024-09-15 23:00:42
211,64,531.36,credit,2024-08-25 03:11:47
212,56,578.4,debit,2024-12-10 20:18:31
213,424,998.79,credit,2025-03-30 21:59:48
214,471,331.47,debit,2025-03-17 08:19:04
215,288,522.04,debit,2024-08-13 23:25:24
216,365,414.02,credit,2025-02-11 23:25:33
217,317,929.77,credit,2024-06-29 16:27:28
218,78,364.32,debit,2024-08-19 02:36:54
219,115,947.66,debit,2025-03-05 15:43:46
220,277,807.38,debit,2024-05-30 18:12:38
221,8,97.94,debit,2024-04-30 14:34:19
222,375,778.09,credit,2024-04-23 10:11:10
223,23,991.0,credit,2024-10-13 14:49:13
224,433,490.13,debit,2024-11-11 08:46:39
225,128,210.11,debit,2024-08-21 20:08:39
226,114,516.22,credit,2024-10-28 13:32:24
227,349,835.63,debit,2024-11-29 09:58:11
228,151,202.88,debit,2024-11-03 10:26:22
229,304,336.16,credit,2024-05-05 16:14:15
230,12,61.9,debit,2024-11-12 23:51:25
231,18,831.66,debit,2024-06-05 16:21:06
232,162,552.98,credit,2024-05-11 07:35:19
233,224,607.35,credit,2025-03-03 16:30:36
234,132,440.53,debit,2024-08-29 01:14:58
235,168,724.03,debit,2024-07-11 10:03:52
236,282,755.61,debit,2024-07-08 22:26:04
237,363,926.21,credit,2025-01-18 13:24:19
238,398,873.07,debit,2024-12-01 23:27:11
239,383,565.78,debit,2024-05-10 21:05:23
240,303,558.16,debit,2025-03-25 21:15:44
241,366,259.96,credit,2025-03-20 03:57:20
242,422,335.45,debit,2025-01-13 10:21:22
243,402,861.23,debit,2024-11-29 13:07:08
244,310,519.3,credit,2024-09-06 17:42:39
245,440,965.44,debit,2024-08-26 09:07:26
246,220,642.54,debit,2025-02-22 03:44:01
247,120,853.23,debit,2025-02-03 01:59:29
248,314,779.72,credit,2024-09-05 14:53:07
249,111,393.49,debit,2024-09-23 23:39:51
250,128,590.91,credit,2025-01-25 12:44:12
251,248,80.67,debit,2024-06-30 14:00:14
252,52,168.22,credit,2025-01-20 11:45:24
253,481,302.15,debit,2024-12-07 14:29:02
254,77,448.65,credit,2024-10-22 19:51:45
255,394,321.25,debit,2025-01-15 02:40:27
256,128,979.99,credit,2025-01-14 15:37:33
257,26,996.21,credit,2024-06-05 21:36:34
258,335,406.48,credit,2025-03-10 22:11:15
259,126,492.31,debit,2025-02-16 21:02:00
260,485,580.51,credit,2025-02-20 20:56:18
261,242,960.96,debit,2025-01-13 22:11:04
262,55,416.96,credit,2024-09-08 01:22:19
263,367,181.28,debit,2024-08-12 22:44:07
264,96,839.25,debit,2025-02-21 11:46:45
265,114,398.08,credit,2024-05-01 21:43:55
266,397,164.12,credit,2024-11-06 23:04:49
267,475,461.85,debit,2024-07-19 09:55:23
268,494,539.14,credit,2024-04-24 01:20:15
269,286,198.65,credit,2024-05-01 21:15:28
270,220,180.02,debit,2024-12-24 14:26:53
271,112,585.93,credit,2025-04-08 20:09:51
272,32,125.51,debit,2025-04-01 13:45:35
273,376,451.11,debit,2024-09-22 06:01:26
274,379,912.83,credit,2024-08-08 04:47:01
275,458,290.81,credit,2024-07-18 18:42:04
276,270,473.27,credit,2024-12-28 11:31:57
277,316,163.57,debit,2024-06-02 14:04:38
278,312,386.76,debit,2024-06-01 15:00:49
279,257,242.7,credit,2024-07-14 18:30:30
280,323,382.18,debit,2024-09-21 02:05:39
281,490,567.92,credit,2024-08-16 22:16:21
282,446,619.53,credit,2025-01-06 04:50:48
283,125,721.98,debit,2024-09-15 18:11:39
284,392,349.64,credit,2025-01-16 23:09:50
285,358,108.92,debit,2024-06-21 22:00:31
286,158,246.57,credit,2024-10-17 11:28:00
287,111,765.03,debit,2024-06-11 23:12:43
288,396,538.59,debit,2024-08-08 05:05:54
289,483,481.54,debit,2025-03-21 20:53:28
290,488,498.45,debit,2024-05-10 10:39:38
291,119,484.47,credit,2025-02-17 14:24:09
292,404,812.83,credit,2025-02-03 07:10:20
293,3,152.48,debit,2025-01-22 01:38:17
294,197,416.6,credit,2025-02-25 18:52:15
295,162,382.49,debit,2024-12-19 17:06:49
296,373,353.47,debit,2025-04-17 09:38:33
297,209,954.04,credit,2024-12-15 18:04:22
298,126,361.56,credit,2024-05-17 08:05:40
299,300,454.82,credit,2024-09-14 00:37:32
300,342,685.77,debit,2024-11-20 16:41:13
301,381,574.52,debit,2025-01-31 13:26:02
302,455,875.64,debit,2024-10-13 13:36:40
303,497,352.42,debit,2024-11-12 22:31:32
304,223,440.4,credit,2024-09-16 19:53:19
305,295,367.84,debit,2024-08-30 12:21:26
306,332,620.96,debit,2024-09-15 08:04:53
307,67,264.66,credit,2025-02-01 05:59:29
308,385,828.25,credit,2025-01-25 07:52:39
309,180,177.47,credit,2025-01-25 14:01:56
310,263,926.4,debit,2024-05-11 14:36:28
311,128,713.23,debit,2024-05-15 11:49:21
312,365,82.13,debit,2024-07-07 07:22:46
313,133,871.34,debit,2025-03-09 05:19:31
314,315,372.46,debit,2024-07-01 14:29:52
315,443,874.62,credit,2024-05-07 02:08:38
316,487,531.08,debit,2024-12-17 10:11:36
317,365,660.61,debit,2025-04-18 00:33:09
318,48,761.98,debit,2025-01-31 07:52:24
319,291,698.11,debit,2024-04-29 14:05:34
320,354,260.05,debit,2025-03-05 10:48:09
321,101,140.37,credit,2024-12-12 17:12:55
322,330,112.22,debit,2024-07-28 18:03:07
323,274,478.18,debit,2024-06-24 02:30:19
324,493,184.3,credit,2024-10-31 11:34:03
325,370,213.78,credit,2024-08-09 16:34:33
326,29,531.51,credit,2024-05-13 20:27:09
327,447,836.06,credit,2025-01-24 13:57:29
328,292,38.06,debit,2025-02-07 15:18:52
329,359,894.83,debit,2024-07-13 16:08:12
330,471,953.0,debit,2024-06-10 22:40:44
331,417,731.49,credit,2024-09-07 23:00:06
332,59,816.2,debit,2024-10-21 01:55:35
333,421,315.93,credit,2025-01-23 23:36:09
334,113,36.98,debit,2024-11-07 05:01:46
335,70,336.84,debit,2025-01-08 17:47:53
336,324,556.94,debit,2024-06-02 12:00:47
337,12,475.25,debit,2025-04-17 05:44:24
338,127,607.76,debit,2024-05-14 19:07:22
339,395,185.61,credit,2024-07-09 13:37:05
340,262,481.65,credit,2024-12-22 16:19:15
341,280,773.31,debit,2024-10-26 14:13:10
342,151,497.99,debit,2024-09-18 10:54:32
343,317,764.0,credit,2025-04-18 10:07:26
344,230,949.0,credit,2024-11-06 02:37:25
345,446,920.9,debit,2024-09-02 21:12:55
346,86,803.02,credit,2025-02-13 09:13:43
347,338,388.22,debit,2024-12-02 18:22:27
348,180,528.38,credit,2024-11-10 20:17:38
349,265,963.96,debit,2025-01-04 12:18:59
350,266,151.07,credit,2024-05-25 07:12:26
351,366,85.73,debit,2024-08-28 23:54:24
352,294,647.31,debit,2024-12-11 15:33:26
353,264,846.83,debit,2025-04-17 08:22:06
354,87,67.86,credit,2025-03-10 12:41:19
355,215,152.16,credit,2025-01-14 04:27:24
356,187,255.44,debit,2024-11-03 14:46:40
357,157,73.32,debit,2024-07-23 10:09:36
358,322,411.17,credit,2024-12-23 13:05:04
359,84,270.87,credit,2024-05-03 06:11:40
360,370,235.12,credit,2025-02-03 11:11:04
361,165,149.4,debit,2024-09-11 00:37:39
362,394,828.86,debit,2025-03-18 02:15:10
363,4,900.28,debit,2024-07-03 16:46:20
364,233,149.36,credit,2024-11-26 11:40:27
365,70,645.79,credit,2024-07-22 11:24:23
366,26,867.6,credit,2025-04-16 17:04:04
367,241,990.11,debit,2025-01-05 11:52:27
368,352,289.85,credit,2024-12-12 18:33:40
369,300,180.08,credit,2024-05-09 12:37:42
370,279,333.92,debit,2025-03-02 01:46:24
371,381,404.28,credit,2024-04-19 23:40:55
372,252,131.27,credit,2024-08-30 09:32:34
373,273,869.89,debit,2025-03-27 23:00:33
374,429,400.79,debit,2025-02-10 22:34:37
375,152,897.37,credit,2024-06-07 20:28:22
376,6,958.03,credit,2025-04-03 10:57:16
377,124,579.01,debit,2024-06-11 13:01:27
378,335,429.07,credit,2024-11-28 20:59:39
379,406,500.01,credit,2024-12-16 10:03:21
380,236,479.33,credit,2025-01-20 20:53:23
381,373,405.86,credit,2024-08-21 10:03:47
382,492,929.81,debit,2025-02-20 20:57:50
383,304,357.01,debit,2024-07-23 21:31:05
384,447,496.82,debit,2024-11-14 20:30:48
385,142,395.73,debit,2024-12-14 09:42:29
386,286,603.37,debit,2024-05-02 14:22:14
387,23,312.88,debit,2025-01-19 06:54:51
388,342,102.18,debit,2024-10-11 16:42:41
389,45,708.28,credit,2024-10-02 23:30:08
390,211,474.46,credit,2024-10-31 00:23:41
391,413,353.55,credit,2025-01-03 07:57:28
392,125,175.23,debit,2024-08-23 09:54:10
393,101,949.09,credit,2025-02-22 20:08:36
394,99,341.59,credit,2025-01-21 03:32:34
395,37,234.39,debit,2024-07-22 23:25:49
396,469,324.93,credit,2025-04-15 07:58:35
397,262,782.14,credit,2024-04-28 13:10:31
398,341,830.27,debit,2024-07-19 16:03:21
399,310,162.17,credit,2024-08-23 08:20:10
400,421,981.0,credit,2025-03-02 05:41:14
401,28,121.41,debit,2024-07-18 05:32:53
402,88,588.87,debit,2024-10-08 08:50:22
403,438,348.57,credit,2024-09-16 23:42:20
404,427,654.06,debit,2025-01-13 13:08:13
405,181,615.95,credit,2024-09-17 13:21:37
406,296,608.27,credit,2024-08-11 11:38:54
407,366,602.38,debit,2024-06-08 23:13:17
408,402,510.34,credit,2024-08-01 20:54:20
409,138,552.18,credit,2024-10-05 19:12:56
410,396,371.59,credit,2025-01-10 13:20:20
411,116,291.02,debit,2025-03-26 17:21:01
412,191,386.39,credit,2024-06-10 09:16:01
413,161,661.61,debit,2025-02-09 04:05:28
414,262,245.37,debit,2024-05-31 13:12:06
415,322,295.82,debit,2025-01-23 15:43:25
416,222,467.74,credit,2024-12-15 22:16:50
417,290,362.14,debit,2025-03-15 06:18:08
418,431,358.53,debit,2024-12-04 23:59:42
419,499,525.94,credit,2024-09-12 00:03:14
420,440,437.71,credit,2024-05-19 03:06:10
421,329,375.84,credit,2024-12-14 02:45:48
422,221,432.9,credit,2024-10-27 21:32:28
423,222,76.34,credit,2025-02-22 22:41:42
424,383,244.96,credit,2024-12-11 10:19:42
425,93,513.76,debit,2025-01-26 06:02:43
426,23,357.25,credit,2024-09-13 09:22:34
427,387,754.27,debit,2024-12-15 06:50:11
428,324,803.17,debit,2024-09-10 15:53:45
429,279,276.7,debit,2024-09-30 12:21:30
430,3,619.05,debit,2024-12-04 05:14:40
431,127,212.19,credit,2024-05-23 14:31:25
432,393,226.26,debit,2024-11-07 01:04:58
433,133,17.47,credit,2024-11-11 06:43:36
434,24,722.25,credit,2025-03-26 03:04:32
435,145,451.49,debit,2025-04-14 03:40:56
436,41,93.8,debit,2024-08-20 13:37:46
437,199,858.09,credit,2024-04-22 10:51:57
438,396,415.06,credit,2025-03-11 05:09:19
439,34,873.24,credit,2025-03-14 11:43:40
440,18,96.34,debit,2024-09-03 05:26:12
441,494,298.69,debit,2024-07-15 18:51:24
442,456,394.23,debit,2025-01-27 09:29:16
443,486,82.49,credit,2025-03-24 21:59:22
444,294,900.27,credit,2024-07-10 00:11:45
445,430,524.79,credit,2025-03-23 17:08:04
446,465,715.13,credit,2024-12-02 12:24:03
447,225,310.51,credit,2024-11-03 14:18:37
448,32,257.01,debit,2024-07-12 15:46:58
449,297,506.62,credit,2024-12-14 06:00:00
450,37,536.9,debit,2024-05-29 18:01:50
451,55,401.45,credit,2024-05-08 01:17:55
452,340,965.14,credit,2025-04-17 21:58:03
453,420,982.06,debit,2024-07-27 23:55:50
454,306,485.09,credit,2024-12-10 20:27:47
455,393,973.34,debit,2024-07-17 07:34:38
456,390,97.02,debit,2024-11-06 12:04:29
457,60,745.03,debit,2025-02-19 09:51:59
458,75,712.92,credit,2024-09-13 08:22:56
459,149,348.72,credit,2024-12-09 21:30:57
460,284,168.42,debit,2025-03-17 06:57:09
461,159,979.11,debit,2024-05-30 09:36:05
462,29,324.56,credit,2024-05-01 06:07:40
463,294,40.34,credit,2024-11-11 22:57:15
464,233,358.92,credit,2024-07-09 22:37:47
465,258,189.5,credit,2024-06-16 15:26:09
466,334,645.64,debit,2025-03-19 06:37:08
467,166,426.5,debit,2024-11-20 17:50:03
468,8,385.84,credit,2024-10-16 07:02:15
469,234,152.91,credit,2024-09-20 03:19:06
470,33,500.14,debit,2024-05-12 23:12:47
471,321,362.68,credit,2024-07-12 10:20:18
472,323,616.05,credit,2025-03-25 05:21:46
473,143,758.62,debit,2024-09-11 11:14:54
474,363,886.63,debit,2024-08-17 01:38:54
475,57,354.29,debit,2024-07-14 10:13:03
476,245,810.58,credit,2025-03-10 17:27:09
477,133,504.81,debit,2024-04-28 10:52:32
478,77,929.9,debit,2024-06-26 07:50:31
479,150,18.29,debit,2024-07-24 23:28:58
480,168,906.82,credit,2025-02-22 02:08:02
481,15,775.43,credit,2024-11-03 05:16:10
482,491,141.64,debit,2024-11-15 23:31:54
483,454,527.48,credit,2024-06-27 04:26:55
484,282,583.5,credit,2024-08-17 03:53:52
485,76,448.8,debit,2024-11-28 07:51:27
486,407,235.69,debit,2024-11-19 17:20:51
487,301,789.7,debit,2025-02-20 05:12:25
488,241,90.94,debit,2025-03-16 05:37:55
489,445,15.6,credit,2025-02-21 03:21:56
490,420,759.37,debit,2024-10-11 08:05:02
491,370,529.93,credit,2025-01-04 17:57:41
492,50,859.48,debit,2024-07-09 00:26:06
493,264,942.97,debit,2024-05-08 22:16:43
494,52,215.8,debit,2024-07-06 06:38:10
495,50,640.43,debit,2024-07-06 15:13:39
496,331,715.02,debit,2024-09-08 06:13:31
497,368,803.03,debit,2024-10-24 18:31:15
498,130,976.1,debit,2024-09-21 10:11:53
499,461,253.97,credit,2024-08-14 14:21:47
500,11,789.91,credit,2024-08-19 23:05:16
501,205,588.32,debit,2024-05-01 12:02:26
502,86,66.64,credit,2024-10-11 14:43:53
503,476,588.26,credit,2024-12-01 21:11:48
504,131,637.24,debit,2025-01-21 02:38:36
505,124,817.1,debit,2024-09-17 07:46:52
506,310,761.48,credit,2024-07-16 07:08:03
507,469,441.31,debit,2024-11-20 05:52:19
508,407,389.69,debit,2025-03-05 23:44:13
509,329,418.52,credit,2024-06-15 13:23:13
510,84,132.93,credit,2024-04-23 12:40:47
511,394,500.75,credit,2025-02-12 07:45:22
512,18,763.83,debit,2024-06-08 20:34:16
513,58,472.33,debit,2024-07-26 03:08:33
514,242,176.64,credit,2024-05-11 17:54:30
515,425,466.76,debit,2025-02-02 17:11:59
516,444,218.43,debit,2024-10-02 00:08:21
517,290,792.54,credit,2024-10-22 03:45:10
518,251,690.75,credit,2025-03-23 13:54:57
519,75,304.03,credit,2024-11-12 23:58:58
520,307,925.29,debit,2024-04-26 18:50:59
521,106,308.25,debit,2024-12-26 12:32:01
522,328,319.52,debit,2025-03-05 13:59:27
523,399,845.49,debit,2025-01-13 00:18:36
524,209,919.15,credit,2025-02-05 16:11:58
525,306,473.07,debit,2025-01-20 23:33:15
526,156,560.11,debit,2024-06-23 21:56:58
527,160,470.26,debit,2025-01-26 00:01:02
528,354,356.16,debit,2024-09-17 11:09:46
529,166,569.64,credit,2024-06-21 20:34:50
530,183,63.91,debit,2024-09-10 12:12:44
531,317,606.24,credit,2024-06-22 08:48:02
532,282,671.59,debit,2024-07-17 12:53:53
533,38,86.88,debit,2025-03-21 12:11:59
534,294,259.88,debit,2025-03-06 13:58:38
535,138,854.07,debit,2024-05-06 22:26:10
536,11,875.84,credit,2024-09-27 13:17:21
537,52,99.9,debit,2024-06-22 03:07:06
538,452,945.09,credit,2024-06-15 22:52:15
539,21,489.22,credit,2025-03-05 12:54:37
540,364,411.75,credit,2024-09-26 07:24:25
541,271,597.79,debit,2024-07-10 05:46:07
542,157,832.26,debit,2024-10-03 03:24:25
543,259,102.14,credit,2024-10-01 11:59:35
544,86,30.99,debit,2024-05-23 02:46:32
545,178,878.68,credit,2024-12-24 00:05:16
546,34,28.37,credit,2025-02-05 17:59:44
547,64,803.21,credit,2024-06-28 11:47:00
548,203,359.95,debit,2024-07-16 08:37:48
549,83,246.5,debit,2024-09-20 16:42:20
550,332,510.72,debit,2024-11-15 20:58:57
551,70,252.01,debit,2024-08-09 01:56:08
552,375,421.4,debit,2024-12-17 06:36:43
553,236,427.6,credit,2024-10-31 05:19:43
554,110,42.62,credit,2024-12-02 09:14:12
555,352,753.55,debit,2025-03-30 06:11:47
556,106,240.53,debit,2024-05-20 18:31:54
557,469,823.91,credit,2024-07-06 04:02:47
558,324,984.61,credit,2025-01-26 14:15:14
559,59,616.13,debit,2024-10-10 12:47:20
560,257,630.95,credit,2024-04-24 09:44:53
561,153,388.44,credit,2024-09-23 08:03:05
562,385,114.28,debit,2025-02-07 07:14:52
563,274,667.89,debit,2024-07-03 16:00:45
564,315,644.54,credit,2024-08-24 06:32:12
565,207,278.41,debit,2024-07-16 18:10:19
566,486,813.13,credit,2025-01-06 00:26:29
567,253,530.24,debit,2025-04-17 19:50:37
568,393,657.06,credit,2025-02-06 23:35:42
569,87,472.87,credit,2024-06-20 13:04:07
570,275,566.64,credit,2024-09-29 21:51:20
571,430,677.22,credit,2024-10-25 05:46:54
572,59,403.61,debit,2025-03-19 00:58:04
573,159,698.38,debit,2024-12-28 22:25:34
574,483,546.4,credit,2025-01-15 00:32:09
575,305,326.64,credit,2024-05-06 05:39:00
576,199,820.83,debit,2024-08-27 10:45:53
577,391,829.88,debit,2024-08-26 06:04:01
578,416,248.43,credit,2025-03-24 09:53:29
579,465,44.04,debit,2024-12-21 23:20:27
580,456,945.18,credit,2024-10-10 15:21:34
581,346,462.46,credit,2025-02-16 22:02:45
582,166,360.37,credit,2024-10-25 23:23:17
583,254,237.42,credit,2024-07-07 02:30:22
584,277,999.21,debit,2024-11-13 15:26:17
585,64,761.72,debit,2024-07-21 03:14:42
586,105,150.76,debit,2024-12-08 05:52:02
587,229,777.65,credit,2025-03-21 08:53:22
588,253,324.61,debit,2024-12-03 19:21:16
589,22,858.55,credit,2025-02-09 08:05:51
590,15,547.93,debit,2024-12-30 09:33:10
591,460,831.6,debit,2024-09-29 04:20:13
592,257,669.31,credit,2025-01-08 12:08:13
593,367,869.23,credit,2025-01-09 04:22:33
594,254,498.44,credit,2025-04-14 00:35:30
595,350,10.5,debit,2024-10-15 17:01:31
596,108,519.54,debit,2024-10-30 13:04:09
597,387,910.85,credit,2024-09-11 05:07:33
598,229,264.23,debit,2024-05-26 12:06:44
599,145,407.01,credit,2025-03-21 09:11:19
600,22,793.26,debit,2024-08-13 05:14:33
601,157,773.51,debit,2024-05-20 14:05:14
602,484,704.33,credit,2024-11-27 02:34:21
603,352,28.52,debit,2025-01-25 09:19:04
604,158,501.85,credit,2025-01-08 10:42:03
605,399,284.46,credit,2024-08-18 00:30:03
606,269,893.31,debit,2024-06-17 13:23:09
607,2,985.82,credit,2025-04-07 09:55:27
608,116,239.28,debit,2024-12-26 02:44:56
609,468,34.07,credit,2024-10-08 15:17:01
610,22,378.76,credit,2024-11-10 09:05:01
611,472,436.27,credit,2024-09-21 12:36:22
612,209,416.78,debit,2025-01-27 09:27:39
613,73,254.79,debit,2024-07-13 04:51:35
614,6,427.09,credit,2024-08-09 18:53:09
615,143,181.22,credit,2024-08-17 21:53:55
616,188,387.99,credit,2024-09-10 22:39:43
617,396,389.35,debit,2024-07-05 09:53:18
618,184,219.37,credit,2024-06-15 15:43:30
619,34,337.67,debit,2024-11-12 22:38:24
620,464,68.09,credit,2025-03-08 06:00:26
621,314,304.87,debit,2024-08-20 14:25:08
622,384,368.95,debit,2024-12-19 19:13:18
623,326,34.66,debit,2025-02-08 07:58:24
624,117,146.56,debit,2024-05-14 06:54:19
625,120,28.76,credit,2024-11-29 16:23:39
626,27,668.02,debit,2024-05-29 21:50:36
627,220,507.85,debit,2024-08-21 07:46:28
628,260,930.1,debit,2025-03-25 19:49:58
629,341,948.91,debit,2024-04-19 20:29:55
630,106,888.53,credit,2024-12-04 23:03:10
631,9,771.68,debit,2024-10-22 22:40:01
632,354,913.18,debit,2024-05-07 08:06:35
633,271,255.58,debit,2024-08-04 13:23:17
634,162,86.33,credit,2024-09-26 04:40:07
635,139,925.26,debit,2024-09-07 12:29:53
636,151,639.66,debit,2024-05-02 06:53:55
637,383,122.35,credit,2024-08-31 01:11:53
638,143,781.16,debit,2024-08-01 22:36:18
639,378,60.42,debit,2024-06-14 19:56:48
640,307,919.93,debit,2025-02-08 15:23:37
641,495,538.51,credit,2024-05-20 01:57:02
642,101,379.22,credit,2025-01-03 09:00:41
643,43,975.2,credit,2024-08-29 10:58:20
644,34,987.55,debit,2024-06-22 12:43:29
645,306,75.35,debit,2025-04-04 18:26:08
646,71,965.98,credit,2025-03-13 11:17:40
647,78,673.79,credit,2025-03-08 10:15:40
648,85,716.21,debit,2025-02-14 23:22:19
649,355,238.99,credit,2024-04-26 03:49:28
650,124,760.6,credit,2024-12-17 03:52:28
651,209,781.66,credit,2024-11-25 23:34:08
652,433,949.96,credit,2025-04-08 04:58:22
653,131,667.67,credit,2024-05-30 21:28:39
654,47,27.38,debit,2024-04-30 21:29:26
655,228,606.35,debit,2024-12-26 04:21:01
656,434,730.21,debit,2025-04-16 00:54:35
657,80,524.45,debit,2024-08-11 07:32:37
658,291,245.16,debit,2024-05-23 17:48:07
659,308,422.25,credit,2024-10-25 14:19:34
660,401,766.74,credit,2024-09-21 05:04:38
661,325,960.19,credit,2024-08-11 21:52:51
662,198,951.84,debit,2025-03-25 10:38:48
663,437,521.25,credit,2024-05-12 10:48:04
664,166,672.28,debit,2025-01-09 19:37:59
665,144,674.81,debit,2024-11-03 20:49:24
666,162,155.14,credit,2024-05-07 04:18:55
667,367,799.94,debit,2024-11-28 22:22:56
668,380,897.3,debit,2024-12-15 04:20:32
669,495,323.48,debit,2025-02-18 02:02:40
670,304,61.04,credit,2024-10-04 15:22:49
671,357,16.68,credit,2025-03-29 15:13:35
672,433,899.23,debit,2024-12-29 01:53:17
673,250,455.48,credit,2024-08-16 19:25:07
674,235,456.08,debit,2024-12-27 14:07:52
675,97,347.21,credit,2024-04-20 12:16:15
676,104,982.73,debit,2025-04-03 00:58:51
677,490,343.82,debit,2024-08-10 20:19:07
678,360,230.68,credit,2024-09-28 00:53:23
679,80,405.84,credit,2024-10-27 02:16:37
680,8,767.32,debit,2024-06-15 21:49:13
681,463,327.45,credit,2025-03-08 04:17:46
682,379,206.52,debit,2024-08-20 19:44:21
683,73,594.02,credit,2025-03-01 01:38:55
684,160,965.67,debit,2024-12-28 03:13:48
685,493,917.4,debit,2025-04-05 01:41:37
686,301,771.64,credit,2025-03-28 00:30:59
687,185,601.0,credit,2025-03-12 03:10:37
688,115,239.0,credit,2025-03-13 20:54:17
689,85,525.8,debit,2025-02-07 04:20:01
690,464,73.12,credit,2024-08-07 08:41:05
691,307,350.43,debit,2024-08-29 21:48:35
692,427,829.32,credit,2024-06-01 17:37:20
693,172,370.96,credit,2025-01-19 10:27:56
694,344,414.97,debit,2024-04-20 18:40:00
695,303,794.44,credit,2024-05-31 09:09:56
696,77,463.76,debit,2024-08-17 01:59:27
697,122,608.71,debit,2024-10-08 06:02:06
698,397,525.05,debit,2025-03-09 03:48:30
699,499,416.73,debit,2024-11-12 01:59:16
700,113,237.63,credit,2024-08-20 09:18:25
701,382,847.68,debit,2025-02-21 18:35:37
702,282,451.35,debit,2025-04-02 21:27:18
703,190,61.38,credit,2025-03-07 01:08:09
704,143,472.69,debit,2024-10-29 15:43:30
705,496,65.45,debit,2024-05-23 17:04:03
706,395,142.84,credit,2025-02-07 08:23:01
707,230,684.84,debit,2024-05-19 14:45:21
708,211,298.83,debit,2024-08-10 04:28:19
709,233,940.82,debit,2024-04-24 11:03:27
710,84,257.77,credit,2025-01-16 01:58:08
711,102,291.84,debit,2024-09-28 20:49:56
712,268,285.47,debit,2024-09-27 02:57:59
713,33,309.06,credit,2024-11-13 22:40:37
714,474,264.09,credit,2024-05-17 12:35:54
715,277,65.13,debit,2024-10-30 12:07:19
716,128,228.27,credit,2025-02-26 00:52:21
717,451,393.48,debit,2024-10-06 11:30:42
718,365,818.55,debit,2025-01-14 23:08:07
719,284,948.51,debit,2025-03-21 01:54:48
720,97,975.11,credit,2024-04-30 13:58:41
721,441,385.03,credit,2025-03-28 02:20:00
722,138,477.79,credit,2024-11-29 06:54:01
723,343,958.62,credit,2024-07-04 09:49:09
724,293,837.93,credit,2024-11-10 15:45:00
725,492,595.64,credit,2024-10-09 00:51:24
726,323,300.63,debit,2025-03-10 14:32:55
727,272,491.25,credit,2024-11-08 12:07:48
728,476,244.73,debit,2024-10-09 17:25:48
729,424,159.12,credit,2024-08-09 06:29:49
730,50,245.14,debit,2025-01-15 22:56:55
731,370,352.9,credit,2024-09-20 16:04:22
732,115,775.19,debit,2024-06-13 14:08:25
733,88,795.26,credit,2024-07-22 20:55:55
734,426,184.79,debit,2025-03-30 05:23:06
735,360,213.77,credit,2024-08-16 22:40:08
736,471,371.16,credit,2024-12-12 23:41:50
737,493,110.67,credit,2024-05-06 00:58:34
738,180,916.73,credit,2025-02-21 20:23:45
739,4,667.37,debit,2025-03-18 11:32:39
740,374,975.39,debit,2024-07-14 12:12:30
741,443,729.71,credit,2025-03-12 14:26:05
742,20,895.75,credit,2024-12-19 12:20:36
743,329,490.43,debit,2025-02-19 14:09:22
744,199,26.73,debit,2024-08-25 10:20:06
745,73,800.19,debit,2025-03-17 07:16:44
746,500,146.65,debit,2024-12-06 16:11:43
747,456,524.36,debit,2024-11-24 15:59:36
748,98,200.86,credit,2025-04-07 06:54:26
749,351,809.14,credit,2024-04-27 13:27:04
750,120,169.51,debit,2024-11-20 03:04:07
751,465,893.78,debit,2024-12-14 13:10:51
752,259,737.0,credit,2024-10-11 23:14:02
753,172,423.23,credit,2025-03-10 16:54:32
754,124,561.13,debit,2024-10-29 04:24:48
755,322,795.17,debit,2024-10-16 19:53:59
756,273,488.38,credit,2024-06-22 10:29:40
757,313,189.82,credit,2024-08-24 19:18:29
758,94,242.91,debit,2025-01-06 08:13:45
759,378,376.17,credit,2024-05-23 02:19:57
760,206,763.36,credit,2024-06-10 22:41:01
761,123,830.33,debit,2024-09-26 13:03:00
762,387,896.71,debit,2025-04-06 10:26:17
763,490,849.21,debit,2024-10-11 02:18:28
764,7,924.41,debit,2024-07-12 14:02:36
765,243,602.48,debit,2024-12-21 15:25:26
766,47,956.51,credit,2024-11-23 09:23:08
767,371,772.74,credit,2025-02-25 16:03:07
768,134,112.98,debit,2025-03-30 22:38:50
769,485,394.44,credit,2025-02-21 14:18:56
770,40,229.56,debit,2024-07-03 21:16:20
771,294,755.11,debit,2024-09-15 05:48:47
772,329,14.29,credit,2025-03-09 08:04:23
773,54,693.49,debit,2024-06-26 19:05:14
774,402,247.89,debit,2024-10-29 08:33:14
775,376,245.09,credit,2024-04-18 14:05:47
776,70,530.21,debit,2025-04-06 04:42:03
777,119,627.63,credit,2025-02-07 13:56:12
778,182,721.34,debit,2024-09-19 19:56:33
779,354,790.72,debit,2024-06-24 12:36:21
780,390,894.47,debit,2025-02-25 07:18:43
781,358,601.78,debit,2024-06-27 19:55:19
782,115,788.32,credit,2024-04-22 16:40:56
783,433,260.28,credit,2025-03-23 11:19:10
784,235,783.27,debit,2024-10-21 22:11:44
785,369,237.07,credit,2024-10-19 10:09:33
786,234,919.49,credit,2024-12-02 15:07:02
787,142,296.03,debit,2024-12-14 20:00:13
788,497,812.99,debit,2025-02-27 20:38:00
789,450,181.69,credit,2024-09-21 22:09:00
790,43,569.91,credit,2024-05-21 11:43:15
791,280,95.63,debit,2024-08-08 06:10:49
792,336,699.17,credit,2024-12-12 02:31:57
793,384,160.56,credit,2024-06-26 11:42:26
794,86,742.99,credit,2025-02-19 21:17:52
795,432,637.11,debit,2024-12-18 18:19:04
796,64,417.03,debit,2024-05-14 06:04:03
797,31,691.74,credit,2025-03-15 02:05:53
798,301,340.63,debit,2024-09-07 14:05:26
799,471,686.59,debit,2025-03-22 15:01:05
800,171,563.13,credit,2025-02-16 14:38:48
801,157,348.09,credit,2025-01-03 02:25:07
802,133,203.18,credit,2024-09-02 09:37:59
803,311,89.55,debit,2024-07-16 11:40:03
804,370,867.52,credit,2025-03-02 05:30:56
805,158,539.14,credit,2024-11-02 04:11:51
806,137,376.57,debit,2024-09-10 02:00:54
807,219,645.42,debit,2024-11-13 14:01:22
808,303,176.68,credit,2024-12-15 15:08:46
809,114,279.46,credit,2024-11-01 12:40:35
810,5,578.94,debit,2024-10-31 11:41:21
811,364,783.21,credit,2024-11-09 21:54:04
812,36,830.77,credit,2024-07-03 00:37:42
813,202,593.14,credit,2024-10-18 18:35:51
814,126,63.24,debit,2024-12-28 18:23:10
815,161,467.34,debit,2025-02-27 21:54:44
816,399,593.56,debit,2024-07-25 15:52:55
817,37,806.07,debit,2024-11-30 13:38:37
818,239,509.39,credit,2024-10-08 14:56:32
819,115,496.73,credit,2024-07-26 09:24:57
820,173,673.26,credit,2024-07-23 06:33:27
821,353,783.19,credit,2025-03-06 20:00:44
822,87,454.71,credit,2024-06-17 20:37:58
823,390,342.72,debit,2024-04-23 02:11:00
824,432,925.59,credit,2024-05-30 18:48:18
825,156,803.59,debit,2025-03-31 04:14:34
826,486,832.74,credit,2025-03-15 08:28:03
827,258,555.75,credit,2024-10-27 03:38:04
828,313,907.48,credit,2024-09-30 11:51:40
829,92,417.42,credit,2024-08-05 17:28:01
830,403,580.92,credit,2024-05-17 23:27:37
831,68,322.97,debit,2024-06-13 04:05:21
832,478,437.8,credit,2025-01-08 03:47:57
833,179,230.36,credit,2024-07-16 03:33:32
834,132,285.42,credit,2025-01-20 10:41:48
835,354,160.8,credit,2025-04-07 17:25:03
836,43,701.12,debit,2024-10-22 09:09:48
837,263,937.85,debit,2024-08-06 11:39:30
838,367,282.29,debit,2024-08-04 23:16:45
839,25,329.09,debit,2024-12-25 12:14:54
840,453,255.43,debit,2025-03-29 20:52:14
841,424,559.65,debit,2024-11-29 22:45:49
842,52,811.12,credit,2024-06-11 17:30:43
843,367,266.4,credit,2024-11-29 09:51:57
844,199,756.85,credit,2025-02-07 08:48:17
845,393,344.18,credit,2024-06-28 08:17:51
846,230,334.42,credit,2024-09-21 06:25:24
847,386,160.53,debit,2024-07-04 11:31:24
848,79,788.68,credit,2025-02-19 10:01:58
849,376,387.57,debit,2024-12-04 05:49:53
850,241,576.87,credit,2024-06-01 00:48:13
851,440,63.8,credit,2024-10-02 07:53:57
852,78,75.98,debit,2025-01-23 22:28:11
853,468,891.66,credit,2024-06-10 06:51:23
854,345,713.94,debit,2024-09-02 16:55:11
855,425,97.52,debit,2024-07-02 00:29:57
856,333,685.35,credit,2024-07-02 16:13:21
857,251,189.6,credit,2025-03-15 15:05:08
858,323,716.94,credit,2024-08-31 12:47:20
859,77,30.21,debit,2024-05-13 07:31:54
860,72,458.34,debit,2025-04-08 05:41:42
861,217,441.38,credit,2025-01-28 17:04:32
862,420,739.85,credit,2025-01-13 14:30:14
863,87,911.29,debit,2024-09-24 13:13:15
864,465,849.71,credit,2024-12-03 16:19:08
865,109,426.12,credit,2024-07-07 12:35:27
866,85,411.0,credit,2024-12-12 02:23:04
867,361,432.86,debit,2025-03-23 08:11:45
868,55,644.89,debit,2025-04-11 12:35:42
869,420,790.77,debit,2024-09-04 07:33:19
870,232,478.44,debit,2024-08-05 11:10:28
871,310,241.66,credit,2024-06-30 14:42:47
872,78,823.65,credit,2024-05-15 13:41:28
873,190,209.64,credit,2024-07-20 00:00:38
874,124,943.48,debit,2024-09-25 07:20:45
875,348,852.49,debit,2025-01-01 06:33:22
876,204,268.35,debit,2024-08-20 03:42:30
877,104,172.97,debit,2024-08-27 21:44:41
878,258,459.93,credit,2024-11-09 04:35:11
879,322,773.71,debit,2024-05-11 12:07:32
880,129,814.88,credit,2025-02-10 10:00:27
881,96,876.58,debit,2024-10-27 08:08:44
882,174,518.03,credit,2024-11-30 05:51:26
883,326,340.79,debit,2024-11-27 01:08:24
884,152,900.15,credit,2024-10-26 08:50:33
885,256,891.76,credit,2024-05-02 14:14:18
886,7,746.12,credit,2025-03-19 04:18:59
887,382,608.21,credit,2024-04-22 06:05:57
888,90,373.08,debit,2024-06-02 03:44:00
889,441,24.78,debit,2024-10-25 09:15:29
890,355,768.12,credit,2024-10-11 12:40:09
891,467,685.59,credit,2024-06-09 20:08:49
892,34,770.37,credit,2024-05-29 01:37:13
893,27,866.24,debit,2024-12-08 11:01:03
894,54,449.65,debit,2024-07-18 11:40:08
895,52,706.41,credit,2024-05-24 22:44:26
896,356,204.51,credit,2025-01-09 13:53:57
897,359,238.97,debit,2024-12-04 10:41:16
898,465,949.8,debit,2024-12-27 18:39:26
899,206,376.91,credit,2024-05-18 02:22:42
900,449,903.46,debit,2024-09-02 12:13:22
901,471,758.06,debit,2024-06-30 01:33:30
902,370,264.89,credit,2025-04-07 15:46:47
903,459,129.33,debit,2025-02-09 06:15:49
904,271,679.5,debit,2025-02-04 15:49:52
905,64,575.06,debit,2024-06-01 15:55:29
906,441,374.66,debit,2024-08-17 01:54:33
907,49,558.04,credit,2024-05-28 10:30:13
908,176,206.99,debit,2024-09-17 03:52:02
909,112,717.59,credit,2024-06-24 19:40:55
910,132,334.91,credit,2025-01-03 14:50:31
911,294,253.98,credit,2024-06-12 02:04:14
912,102,32.27,debit,2024-08-19 19:25:09
913,355,266.13,debit,2025-01-02 20:49:50
914,116,548.84,credit,2025-02-25 16:00:31
915,485,922.43,credit,2024-12-21 21:31:50
916,141,292.82,credit,2024-12-19 21:03:42
917,94,653.07,debit,2024-10-16 23:06:01
918,63,670.34,debit,2024-07-06 04:57:11
919,430,942.75,credit,2024-10-31 08:28:07
920,126,151.6,credit,2024-06-07 06:40:05
921,393,476.06,debit,2024-12-23 18:38:37
922,220,304.93,credit,2024-06-19 19:06:31
923,12,855.57,credit,2025-03-29 00:15:35
924,332,507.69,credit,2025-01-24 17:15:05
925,290,974.47,credit,2025-02-24 17:58:56
926,266,822.48,debit,2024-05-29 11:07:15
927,402,388.2,debit,2025-02-28 10:26:19
928,85,452.4,debit,2024-04-27 09:05:19
929,330,873.42,debit,2024-09-11 16:17:55
930,361,795.47,debit,2024-07-20 13:57:28
931,299,182.88,debit,2024-07-30 11:48:07
932,357,735.68,credit,2024-05-27 11:24:19
933,332,211.47,debit,2024-11-03 01:17:38
934,391,863.15,debit,2024-11-20 09:25:04
935,220,131.0,debit,2025-03-06 16:27:33
936,66,311.54,credit,2025-01-31 18:33:05
937,7,728.29,credit,2024-06-24 02:12:51
938,33,534.6,debit,2024-06-28 18:23:09
939,361,133.66,credit,2024-06-23 03:05:19
940,326,671.26,debit,2024-11-08 21:26:59
941,247,739.68,credit,2024-06-04 07:39:10
942,111,915.79,credit,2024-08-17 23:45:28
943,396,540.25,debit,2024-11-18 12:36:30
944,457,29.25,debit,2024-06-15 23:23:15
945,54,172.01,credit,2024-11-06 19:53:17
946,41,241.45,credit,2024-04-21 21:41:26
947,54,938.24,credit,2024-12-12 16:05:43
948,369,304.67,debit,2025-04-07 12:17:13
949,248,595.11,credit,2024-09-23 17:26:17
950,57,48.28,debit,2024-09-28 02:45:47
951,468,902.04,credit,2024-10-04 15:03:39
952,132,338.08,credit,2025-03-05 05:51:00
953,303,904.99,debit,2025-01-17 23:25:40
954,210,30.16,debit,2024-08-06 08:11:50
955,278,708.61,debit,2024-11-14 17:03:57
956,109,206.53,debit,2024-11-26 10:26:28
957,262,735.18,debit,2024-07-17 00:13:36
958,301,625.85,credit,2025-02-13 15:14:30
959,61,214.04,credit,2024-10-01 13:20:48
960,393,714.6,debit,2025-01-26 22:44:09
961,312,661.28,debit,2024-07-24 21:01:20
962,310,729.3,credit,2024-11-21 00:15:28
963,398,106.67,credit,2025-04-09 01:50:48
964,401,271.51,debit,2024-06-01 17:12:01
965,339,878.5,debit,2024-07-21 20:10:58
966,330,841.9,credit,2024-09-05 23:34:10
967,429,781.09,debit,2024-10-29 19:19:54
968,125,515.43,debit,2024-04-28 23:10:31
969,326,650.25,credit,2024-05-30 01:17:39
970,188,567.13,debit,2024-06-15 15:04:23
971,261,45.0,debit,2024-08-18 00:48:36
972,397,159.79,debit,2024-07-30 21:20:01
973,462,569.09,debit,2024-09-18 23:27:41
974,481,662.0,credit,2024-08-12 11:27:12
975,140,31.87,debit,2024-04-24 11:06:41
976,425,893.39,debit,2024-05-30 19:34:22
977,151,874.61,debit,2024-09-26 09:05:53
978,469,813.11,debit,2024-12-02 13:28:25
979,88,621.31,debit,2024-12-25 09:58:31
980,440,889.86,credit,2024-11-12 07:44:21
981,410,132.59,credit,2024-12-03 02:12:49
982,287,953.14,debit,2024-05-15 09:55:38
983,361,703.69,credit,2024-05-17 06:25:08
984,93,138.37,debit,2024-11-11 17:51:30
985,115,825.69,debit,2024-11-23 07:05:13
986,145,990.95,debit,2025-03-02 08:58:08
987,237,586.6,debit,2024-07-23 04:58:02
988,376,138.87,credit,2025-01-27 07:26:26
989,255,114.63,credit,2024-10-06 01:29:30
990,35,283.28,debit,2025-01-24 02:54:56
991,58,111.88,credit,2024-09-06 10:33:00
992,239,12.24,debit,2025-04-14 11:19:03
993,17,853.38,credit,2024-05-08 11:06:13
994,443,50.11,credit,2025-02-19 22:23:10
995,337,694.12,debit,2024-11-21 14:00:17
996,99,568.8,debit,2025-01-09 15:32:14
997,130,719.73,debit,2024-09-21 14:29:14
998,196,963.18,debit,2024-07-16 07:17:46
999,374,834.87,credit,2024-06-13 03:25:49
1000,330,468.95,debit,2025-01-27 14:40:29
1001,13,438.57,credit,2024-08-25 16:23:14
1002,107,326.52,credit,2024-06-07 22:11:20
1003,338,766.66,credit,2025-01-12 01:48:27
1004,329,178.39,debit,2025-02-14 09:48:31
1005,311,100.57,credit,2025-01-13 01:58:34
1006,139,466.47,debit,2024-12-12 12:52:42
1007,70,587.4,credit,2025-01-08 05:53:15
1008,459,188.96,credit,2025-01-25 23:04:01
1009,190,975.09,debit,2024-09-25 22:43:13
1010,428,692.23,debit,2024-05-06 01:29:24
1011,500,482.06,debit,2025-03-15 20:11:28
1012,459,894.72,debit,2024-07-11 12:55:47
1013,291,296.31,credit,2024-08-31 00:00:37
1014,276,971.78,credit,2024-06-03 20:14:37
1015,251,215.31,credit,2024-09-03 20:33:58
1016,43,62.73,credit,2024-06-15 07:26:27
1017,67,568.96,debit,2024-08-07 13:05:26
1018,449,821.7,credit,2025-02-13 17:36:56
1019,35,331.98,debit,2024-06-04 19:40:14
1020,48,438.31,credit,2024-08-24 20:49:23
1021,211,802.24,credit,2024-05-10 12:02:29
1022,87,612.67,debit,2024-12-04 23:15:34
1023,428,941.29,credit,2024-06-05 05:48:00
1024,171,545.26,debit,2025-02-28 15:40:03
1025,250,188.44,credit,2024-05-05 05:25:48
1026,111,996.16,debit,2024-05-12 03:40:08
1027,53,634.16,debit,2025-03-10 23:49:53
1028,446,348.09,debit,2024-11-23 12:02:30
1029,396,914.99,debit,2025-02-01 11:00:47
1030,151,21.88,credit,2024-12-23 09:05:11
1031,226,297.96,credit,2024-06-09 06:21:22
1032,58,819.97,debit,2024-10-26 10:03:23
1033,199,386.88,credit,2025-02-27 17:55:10
1034,353,970.27,credit,2024-09-21 19:11:05
1035,486,307.39,credit,2025-02-12 15:45:47
1036,251,553.87,debit,2024-10-20 04:32:02
1037,481,782.43,credit,2025-04-04 04:28:45
1038,279,312.57,debit,2025-04-08 15:49:29
1039,132,379.42,debit,2024-05-17 00:39:39
1040,363,567.26,credit,2024-10-17 11:59:12
1041,367,646.59,credit,2024-08-20 23:03:01
1042,344,228.03,credit,2024-10-04 07:10:27
1043,96,533.09,credit,2024-11-08 18:47:19
1044,453,778.87,credit,2024-05-26 01:41:09
1045,267,694.55,debit,2024-12-18 14:44:28
1046,85,985.29,debit,2024-06-01 22:35:07
1047,26,283.05,credit,2024-10-17 15:37:53
1048,134,106.58,debit,2024-11-22 16:50:26
1049,313,112.1,debit,2024-04-19 00:27:37
1050,48,678.3,debit,2024-10-02 11:46:18
1051,9,210.36,credit,2024-09-05 08:03:15
1052,377,886.08,credit,2024-11-22 07:58:10
1053,187,264.25,credit,2025-02-27 17:01:37
1054,150,372.06,credit,2024-07-22 17:39:36
1055,428,91.92,debit,2025-03-05 23:56:16
1056,54,508.57,credit,2024-10-02 11:00:46
1057,408,683.07,credit,2025-01-28 03:48:18
1058,183,303.94,credit,2024-05-02 08:51:59
1059,453,448.29,credit,2025-03-03 18:17:53
1060,130,399.3,credit,2025-02-21 23:27:25
1061,103,615.66,credit,2024-10-23 15:38:34
1062,344,75.77,credit,2025-01-19 19:28:54
1063,73,776.74,credit,2024-10-26 04:01:35
1064,350,495.54,debit,2024-11-24 05:21:12
1065,323,592.39,credit,2025-01-06 21:35:43
1066,233,351.38,debit,2024-09-17 17:22:26
1067,182,310.51,debit,2024-05-26 01:59:48
1068,294,607.96,debit,2024-04-22 21:35:16
1069,94,849.86,debit,2024-09-20 08:01:34
1070,374,563.33,debit,2024-07-31 02:56:49
1071,300,97.06,credit,2024-10-12 18:08:20
1072,298,711.57,credit,2024-05-11 02:45:28
1073,281,439.56,debit,2024-09-22 18:23:21
1074,109,921.86,credit,2025-04-10 15:13:13
1075,336,83.55,credit,2024-07-29 22:54:29
1076,159,967.31,debit,2024-11-07 18:34:48
1077,464,443.18,credit,2025-02-22 07:47:07
1078,371,495.42,credit,2024-12-05 18:45:21
1079,374,12.66,credit,2024-11-18 14:37:17
1080,439,559.86,credit,2024-12-22 09:22:31
1081,474,169.21,debit,2024-12-08 09:09:58
1082,445,899.87,credit,2024-11-09 08:23:48
1083,443,580.49,debit,2025-02-26 06:20:48
1084,17,867.15,credit,2024-05-24 15:29:27
1085,365,514.24,debit,2025-01-05 05:03:45
1086,5,910.33,debit,2024-10-13 05:22:31
1087,86,31.14,debit,2024-07-26 04:03:22
1088,174,744.07,debit,2024-12-06 08:44:21
1089,303,817.03,credit,2025-01-08 21:55:36
1090,199,450.99,debit,2024-05-16 07:25:28
1091,84,535.65,credit,2024-04-28 08:27:51
1092,95,834.87,credit,2025-03-16 04:58:19
1093,137,613.79,debit,2025-02-16 04:23:58
1094,235,971.85,debit,2025-03-04 16:16:52
1095,429,591.11,debit,2025-04-04 16:42:34
1096,258,487.13,credit,2025-02-04 22:28:11
1097,152,159.24,credit,2024-11-07 16:30:21
1098,273,890.73,credit,2024-10-27 04:15:48
1099,197,997.72,debit,2024-10-28 15:15:44
1100,247,954.17,credit,2024-12-26 14:49:51
1101,433,541.79,debit,2024-05-27 04:01:06
1102,396,529.11,credit,2024-12-20 16:03:04
1103,154,451.24,credit,2024-08-06 13:47:50
1104,227,606.88,credit,2024-08-11 22:04:37
1105,361,296.64,debit,2025-02-04 17:55:12
1106,193,142.44,credit,2025-03-23 03:07:50
1107,316,46.67,debit,2024-11-26 07:42:05
1108,284,848.48,credit,2024-08-30 17:45:44
1109,441,714.39,credit,2024-06-10 19:29:44
1110,343,658.7,credit,2024-05-24 14:24:07
1111,5,43.34,debit,2025-01-17 03:23:14
1112,59,171.79,debit,2025-03-25 14:46:14
1113,333,433.76,debit,2024-10-17 10:31:12
1114,401,816.25,debit,2024-09-27 17:02:11
1115,470,926.36,credit,2025-04-17 11:21:41
1116,352,68.38,debit,2025-01-05 09:50:37
1117,366,408.11,debit,2025-03-15 02:00:07
1118,13,348.35,debit,2024-11-04 12:43:08
1119,476,266.13,debit,2024-05-11 21:04:57
1120,464,549.15,credit,2025-01-17 21:16:33
1121,252,209.41,credit,2025-01-02 10:34:39
1122,26,778.23,debit,2024-08-14 15:44:09
1123,414,234.63,debit,2024-05-16 20:27:11
1124,73,619.98,debit,2024-06-09 22:37:00
1125,192,107.99,debit,2025-01-01 01:03:28
1126,293,248.7,debit,2024-05-10 19:40:37
1127,388,74.06,credit,2024-06-24 11:40:20
1128,421,367.58,credit,2024-11-30 01:27:01
1129,97,53.96,debit,2024-11-13 21:25:30
1130,462,44.72,credit,2024-11-06 23:51:41
1131,191,757.11,debit,2024-11-20 11:14:37
1132,339,310.82,debit,2024-08-24 03:29:42
1133,298,560.23,debit,2024-04-23 18:12:15
1134,286,339.32,credit,2024-11-04 19:32:15
1135,114,442.68,debit,2024-12-14 17:37:39
1136,463,679.78,credit,2024-11-26 15:18:09
1137,176,239.86,credit,2025-01-19 09:59:55
1138,9,302.85,debit,2024-09-07 00:14:35
1139,350,975.5,credit,2025-03-04 04:31:13
1140,69,143.65,credit,2024-06-28 19:20:57
1141,190,480.06,credit,2024-06-20 01:07:24
1142,55,369.85,credit,2024-06-07 07:09:41
1143,125,709.79,credit,2025-04-02 08:59:23
1144,36,965.04,debit,2024-12-02 21:26:58
1145,467,555.27,debit,2024-08-21 09:20:31
1146,49,738.95,credit,2025-04-05 20:22:43
1147,251,690.89,debit,2024-07-27 11:47:22
1148,225,844.38,credit,2024-08-01 20:45:46
1149,427,694.96,credit,2025-03-17 00:08:13
1150,436,535.84,credit,2024-11-27 08:40:08
1151,449,668.79,debit,2024-07-20 03:06:02
1152,302,820.27,debit,2024-06-03 02:45:08
1153,44,222.72,debit,2025-01-18 09:17:46
1154,78,45.05,credit,2025-01-11 09:18:17
1155,203,833.97,credit,2024-10-31 20:57:53
1156,288,788.72,credit,2024-08-08 02:36:31
1157,329,908.57,credit,2024-08-20 10:13:13
1158,319,982.87,credit,2025-03-17 13:49:41
1159,51,16.51,credit,2024-04-20 14:03:12
1160,340,10.81,credit,2024-06-30 17:28:22
1161,37,896.85,credit,2025-02-01 01:02:21
1162,257,219.17,credit,2024-12-16 10:24:14
1163,457,784.1,credit,2025-03-18 16:06:46
1164,254,979.95,debit,2024-10-30 10:15:33
1165,308,514.7,credit,2024-08-05 19:18:40
1166,455,967.82,credit,2025-02-13 03:06:27
1167,6,684.08,credit,2024-07-30 15:44:07
1168,9,879.99,credit,2025-02-25 22:45:09
1169,337,103.36,credit,2024-05-17 01:38:22
1170,438,925.44,credit,2024-07-03 01:43:07
1171,120,161.43,credit,2025-02-28 21:13:18
1172,13,821.56,credit,2024-10-08 05:14:28
1173,402,205.09,credit,2024-10-15 22:27:07
1174,475,717.45,credit,2024-12-15 17:06:24
1175,493,724.52,debit,2024-12-27 03:45:34
1176,301,434.95,debit,2024-11-11 04:13:41
1177,403,858.77,credit,2025-04-09 02:08:21
1178,2,556.05,credit,2024-05-08 14:51:09
1179,137,555.52,credit,2025-03-27 13:56:25
1180,443,964.02,debit,2024-10-07 03:24:56
1181,317,918.52,debit,2024-12-02 03:40:02
1182,48,301.59,credit,2024-05-04 13:55:20
1183,429,874.36,credit,2024-08-09 21:06:50
1184,32,360.61,debit,2024-11-23 02:32:51
1185,169,212.19,debit,2025-03-08 07:33:55
1186,430,525.93,debit,2025-02-20 08:33:18
1187,219,95.55,credit,2024-11-15 15:52:38
1188,14,588.86,debit,2025-04-07 12:41:27
1189,197,624.02,credit,2025-03-29 18:06:32
1190,360,629.71,debit,2024-12-02 13:27:10
1191,499,657.15,debit,2024-07-03 14:43:10
1192,333,919.87,debit,2025-03-25 20:23:18
1193,91,840.6,credit,2024-07-16 04:42:31
1194,358,393.49,credit,2025-01-26 01:55:00
1195,247,172.98,credit,2024-08-11 03:05:54
1196,463,643.65,debit,2025-04-17 09:42:24
1197,370,427.93,debit,2024-05-29 22:38:18
1198,269,846.61,credit,2025-01-07 20:02:37
1199,306,945.73,credit,2025-03-28 16:34:31
1200,183,259.34,credit,2024-11-04 07:44:29
1201,474,965.42,credit,2024-07-17 12:33:17
1202,339,225.74,debit,2024-06-11 07:43:01
1203,210,363.99,credit,2024-08-24 05:45:39
1204,427,505.97,debit,2025-03-11 09:49:31
1205,125,856.87,credit,2024-05-05 07:03:16
1206,17,525.36,debit,2024-07-08 17:57:05
1207,197,609.76,debit,2024-10-27 07:48:46
1208,119,769.67,credit,2024-05-08 23:02:49
1209,145,276.49,debit,2025-02-17 05:00:59
1210,307,910.98,debit,2024-08-28 17:40:32
1211,146,330.03,credit,2024-09-07 08:24:24
1212,23,791.83,credit,2024-09-15 10:02:41
1213,413,128.03,debit,2025-03-31 19:51:01
1214,490,739.86,debit,2024-11-23 08:28:21
1215,167,869.37,credit,2025-04-09 22:10:10
1216,182,79.44,credit,2024-06-01 18:02:11
1217,323,885.59,debit,2024-07-09 17:11:10
1218,455,601.65,debit,2025-01-13 16:32:02
1219,188,553.6,credit,2024-06-17 15:24:12
1220,123,772.33,credit,2024-11-16 09:46:12
1221,167,769.98,debit,2024-12-16 04:43:50
1222,396,768.14,debit,2025-04-01 01:04:23
1223,364,713.96,debit,2024-08-25 10:30:47
1224,412,97.74,debit,2025-03-31 03:07:16
1225,289,547.3,credit,2025-03-29 23:32:31
1226,376,479.28,credit,2025-04-11 09:28:12
1227,427,547.34,debit,2025-03-15 10:21:48
1228,299,956.42,credit,2025-03-19 11:57:18
1229,21,160.42,debit,2025-02-01 04:50:55
1230,290,649.57,credit,2024-08-24 05:06:36
1231,293,388.21,credit,2025-04-03 23:50:51
1232,200,348.91,debit,2024-11-02 17:01:37
1233,70,587.26,debit,2024-12-14 12:34:20
1234,86,655.2,debit,2024-05-13 20:44:05
1235,385,169.71,debit,2024-12-28 19:21:44
1236,102,181.47,credit,2024-05-15 03:09:44
1237,195,583.83,credit,2024-12-20 05:37:35
1238,30,680.05,debit,2024-06-16 01:39:02
1239,414,815.42,credit,2024-12-20 22:18:47
1240,52,607.19,credit,2025-02-08 00:25:48
1241,125,533.51,credit,2024-05-05 09:01:38
1242,487,594.02,debit,2024-06-04 10:16:12
1243,466,346.64,debit,2025-03-31 10:28:48
1244,117,612.13,credit,2025-02-08 14:38:50
1245,351,988.88,debit,2024-10-13 05:24:00
1246,323,383.0,credit,2025-02-19 04:25:28
1247,292,458.16,credit,2025-01-28 09:15:21
1248,132,957.06,credit,2024-06-12 11:21:12
1249,229,427.09,debit,2024-10-10 08:06:36
1250,245,457.27,credit,2024-07-20 15:25:10
1251,97,957.25,debit,2024-12-05 17:05:03
1252,231,161.35,debit,2024-11-23 00:42:43
1253,218,746.89,credit,2024-09-19 22:36:29
1254,382,918.41,credit,2025-01-10 20:37:43
1255,272,562.39,credit,2024-10-15 14:37:53
1256,97,458.25,debit,2024-11-01 06:05:04
1257,243,201.67,credit,2024-06-10 10:06:05
1258,226,493.05,credit,2024-09-19 12:01:46
1259,283,579.02,debit,2024-11-03 10:04:23
1260,49,800.41,credit,2025-03-17 16:28:09
1261,219,745.43,debit,2025-01-12 22:02:21
1262,226,315.08,debit,2025-03-30 01:16:26
1263,265,846.99,credit,2025-03-06 19:13:33
1264,459,21.44,debit,2025-04-08 18:56:04
1265,31,440.54,credit,2025-03-12 12:38:11
1266,165,734.25,credit,2025-01-21 22:33:26
1267,417,778.71,debit,2024-10-14 09:08:05
1268,490,691.81,debit,2025-03-05 09:30:46
1269,123,813.05,credit,2024-07-03 19:18:52
1270,132,908.83,debit,2025-03-27 20:52:31
1271,120,545.69,debit,2025-01-15 08:40:17
1272,239,852.16,debit,2025-04-01 00:45:59
1273,303,191.41,debit,2024-09-05 03:17:02
1274,130,157.8,credit,2024-08-19 12:10:49
1275,328,982.58,credit,2025-02-25 11:34:56
1276,329,409.85,credit,2024-05-17 00:07:16
1277,299,840.4,debit,2024-06-11 02:01:08
1278,462,631.52,debit,2024-12-02 16:50:46
1279,45,717.8,credit,2024-04-26 20:26:04
1280,283,860.91,credit,2024-10-01 06:27:49
1281,127,173.69,debit,2024-08-01 03:50:20
1282,272,621.15,credit,2025-01-28 03:07:32
1283,65,992.35,credit,2024-10-31 21:30:14
1284,442,666.2,debit,2024-10-19 16:12:30
1285,108,658.43,credit,2024-05-16 05:53:58
1286,423,523.37,debit,2024-06-05 07:42:03
1287,55,998.57,credit,2024-05-15 03:13:15
1288,238,827.26,debit,2024-04-19 21:51:02
1289,355,390.4,debit,2025-01-19 20:47:18
1290,440,637.09,debit,2024-07-17 16:14:30
1291,58,865.25,credit,2024-05-01 10:52:51
1292,37,565.49,debit,2025-03-28 04:36:23
1293,499,697.61,debit,2024-09-21 01:13:04
1294,105,381.74,debit,2025-03-08 14:44:55
1295,445,175.11,credit,2024-11-06 20:33:59
1296,272,543.14,debit,2025-02-12 21:56:07
1297,32,378.33,credit,2024-11-16 12:56:48
1298,367,776.81,debit,2024-09-13 22:34:56
1299,147,334.01,credit,2025-02-21 09:44:41
1300,438,445.5,credit,2024-10-30 19:32:58
1301,314,13.42,debit,2024-07-17 10:14:12
1302,277,817.2,credit,2024-09-10 17:06:13
1303,296,617.51,debit,2024-09-18 21:14:49
1304,397,616.15,credit,2025-03-06 00:54:20
1305,333,899.81,credit,2024-12-10 04:41:51
1306,212,962.27,debit,2025-01-25 06:06:09
1307,366,708.8,credit,2025-01-29 04:30:12
1308,89,905.71,credit,2024-12-02 09:11:12
1309,257,374.63,credit,2025-03-03 13:51:41
1310,193,699.58,credit,2025-01-25 18:17:30
1311,373,797.24,credit,2024-12-07 18:45:23
1312,225,588.71,debit,2024-05-30 11:29:22
1313,321,436.75,debit,2025-03-12 03:04:02
1314,32,849.19,credit,2024-10-23 20:07:45
1315,425,32.86,debit,2024-08-26 18:30:02
1316,198,866.51,debit,2024-11-02 06:23:34
1317,216,215.6,credit,2025-02-01 09:50:17
1318,446,572.54,debit,2024-07-13 09:19:34
1319,380,524.58,debit,2024-05-05 09:37:42
1320,218,867.03,credit,2025-02-03 00:20:09
1321,54,654.92,credit,2025-01-16 02:39:04
1322,1,492.6,credit,2024-08-25 06:38:51
1323,419,569.28,credit,2024-12-19 16:18:54
1324,175,457.66,debit,2025-01-17 03:05:55
1325,474,101.13,debit,2024-09-03 21:23:06
1326,2,188.11,credit,2024-10-27 19:56:42
1327,8,889.35,debit,2024-07-24 15:24:36
1328,367,559.36,debit,2024-06-30 14:47:47
1329,226,455.3,debit,2025-04-03 09:56:34
1330,62,114.65,debit,2024-05-26 02:09:40
1331,286,674.65,debit,2025-02-08 15:33:17
1332,134,772.39,credit,2025-03-30 12:26:27
1333,179,701.65,debit,2024-09-22 05:19:04
1334,426,811.42,credit,2024-05-04 12:59:39
1335,131,449.93,credit,2024-05-28 14:55:15
1336,66,513.22,debit,2024-05-03 04:15:29
1337,351,584.45,credit,2025-01-13 19:20:42
1338,390,24.62,credit,2024-08-29 20:49:42
1339,57,782.89,debit,2024-05-06 11:37:21
1340,253,24.37,credit,2025-03-01 07:48:52
1341,92,43.21,credit,2024-08-08 11:26:15
1342,57,787.24,debit,2024-10-24 07:38:39
1343,419,535.79,credit,2025-03-07 01:18:37
1344,415,305.26,debit,2024-07-14 19:52:10
1345,26,880.79,credit,2025-02-10 15:22:14
1346,314,144.85,credit,2025-02-24 14:09:14
1347,22,614.09,debit,2025-01-04 14:54:30
1348,134,568.73,credit,2025-02-14 21:57:50
1349,247,929.55,debit,2025-02-27 06:05:50
1350,299,455.2,credit,2024-09-14 05:01:58
1351,484,242.47,credit,2025-03-19 06:43:02
1352,128,934.11,credit,2024-04-26 03:22:25
1353,311,363.68,debit,2024-07-31 14:10:51
1354,306,233.34,credit,2024-11-10 14:05:57
1355,196,601.49,credit,2024-09-21 06:19:58
1356,222,966.54,credit,2024-08-06 14:08:42
1357,443,913.84,debit,2025-02-28 10:33:54
1358,52,885.61,credit,2024-10-22 11:27:24
1359,106,502.83,debit,2024-08-22 14:26:03
1360,348,216.27,credit,2024-08-15 12:57:48
1361,176,356.42,debit,2025-03-13 08:15:06
1362,63,907.56,debit,2024-12-22 21:47:57
1363,467,328.21,debit,2025-01-20 12:07:05
1364,3,874.97,credit,2024-07-09 22:54:56
1365,312,679.39,debit,2024-09-02 22:29:58
1366,313,741.1,debit,2025-02-12 15:39:38
1367,444,301.33,debit,2025-02-08 14:10:22
1368,318,724.22,debit,2024-12-15 02:27:15
1369,114,758.52,credit,2025-02-01 00:07:25
1370,191,965.89,credit,2024-08-26 19:19:15
1371,194,979.88,debit,2024-06-04 04:07:38
1372,239,593.0,credit,2024-06-30 14:07:10
1373,495,613.7,debit,2024-12-14 06:32:57
1374,349,808.92,debit,2024-07-14 08:30:49
1375,19,207.73,debit,2025-03-29 13:07:14
1376,333,639.46,credit,2024-06-14 06:14:18
1377,405,725.39,credit,2024-08-24 02:50:42
1378,253,859.35,debit,2025-01-20 04:53:38
1379,21,567.82,debit,2024-10-09 08:08:56
1380,382,391.57,credit,2025-03-29 01:45:47
1381,428,200.9,debit,2025-01-12 00:39:24
1382,428,584.71,debit,2024-11-10 15:23:11
1383,172,960.79,credit,2024-04-21 02:09:34
1384,425,67.96,debit,2025-01-02 14:31:47
1385,14,970.44,debit,2024-12-11 10:50:09
1386,366,618.78,credit,2024-10-16 20:29:12
1387,491,578.72,credit,2025-04-06 01:37:27
1388,226,895.69,debit,2024-06-21 15:19:14
1389,192,688.04,debit,2024-05-10 14:06:32
1390,172,780.21,credit,2024-09-09 13:19:53
1391,390,157.83,credit,2024-12-11 09:05:44
1392,466,198.74,credit,2024-12-06 00:21:15
1393,229,742.72,credit,2024-07-23 14:59:09
1394,101,507.19,credit,2024-07-17 14:23:43
1395,109,642.85,debit,2025-03-31 23:44:51
1396,411,793.33,debit,2024-07-16 22:05:22
1397,381,634.2,credit,2024-12-10 06:04:37
1398,467,466.07,debit,2024-10-16 07:43:35
1399,423,597.34,credit,2024-11-16 01:10:02
1400,43,118.32,debit,2024-07-10 15:48:47
1401,436,238.76,debit,2025-01-19 22:34:08
1402,124,927.96,credit,2024-05-21 15:55:25
1403,234,509.46,debit,2024-06-07 08:42:35
1404,280,88.32,credit,2024-10-21 13:45:29
1405,406,813.27,credit,2024-06-17 06:31:45
1406,134,585.14,credit,2024-07-28 12:17:20
1407,174,937.53,credit,2025-03-11 04:47:11
1408,369,105.79,debit,2024-08-06 10:35:15
1409,390,488.83,debit,2024-09-13 00:10:17
1410,5,374.44,credit,2024-08-21 05:32:37
1411,13,302.99,credit,2025-04-03 11:50:33
1412,424,699.28,credit,2024-07-10 23:29:08
1413,321,228.79,credit,2024-09-16 02:30:06
1414,267,785.78,debit,2025-04-03 19:20:34
1415,376,93.13,credit,2024-05-02 09:59:31
1416,142,399.72,debit,2025-03-30 18:26:06
1417,215,885.3,credit,2025-02-15 00:40:06
1418,190,388.48,credit,2024-08-02 11:10:21
1419,150,184.09,debit,2024-08-21 21:14:54
1420,404,302.02,credit,2024-12-14 17:37:41
1421,471,57.68,credit,2024-05-18 19:48:47
1422,281,345.85,credit,2025-01-19 17:23:24
1423,341,240.99,debit,2024-12-07 15:40:24
1424,415,161.53,debit,2024-11-26 11:35:27
1425,149,554.42,debit,2024-11-01 21:54:23
1426,176,168.6,credit,2024-09-05 20:30:51
1427,131,710.21,debit,2024-10-20 04:21:52
1428,273,99.53,debit,2025-03-21 15:50:03
1429,162,314.97,debit,2024-12-16 16:53:26
1430,327,307.88,debit,2024-06-05 13:25:12
1431,398,601.69,credit,2024-06-06 04:45:48
1432,217,71.69,credit,2025-01-29 19:36:51
1433,416,627.89,credit,2025-01-31 01:10:26
1434,242,90.48,credit,2024-10-15 01:51:41
1435,271,296.03,credit,2024-08-06 19:02:51
1436,141,813.29,credit,2024-06-21 04:51:59
1437,464,20.73,credit,2024-10-29 17:39:40
1438,7,329.72,debit,2024-05-12 04:30:24
1439,74,510.7,credit,2025-04-07 10:30:45
1440,116,293.51,credit,2024-10-29 03:47:14
1441,150,753.6,debit,2025-04-17 11:01:56
1442,244,773.36,credit,2025-02-25 08:07:41
1443,240,248.01,debit,2024-09-21 04:46:02
1444,374,137.57,credit,2025-01-08 08:18:23
1445,344,943.66,credit,2024-09-26 21:17:15
1446,117,738.68,credit,2024-10-08 22:34:22
1447,221,290.66,debit,2024-07-15 04:29:22
1448,393,176.05,credit,2024-10-11 22:56:55
1449,237,922.2,debit,2024-06-16 07:39:31
1450,145,503.64,credit,2025-02-25 18:30:13
1451,63,957.3,credit,2024-11-12 06:49:19
1452,245,979.31,credit,2024-05-30 21:21:57
1453,204,648.05,credit,2024-09-24 17:21:36
1454,481,161.41,credit,2024-09-03 16:07:32
1455,221,896.6,credit,2024-12-27 20:54:30
1456,12,192.03,debit,2024-08-21 05:40:38
1457,181,650.02,credit,2024-07-21 02:19:35
1458,369,472.82,credit,2025-03-23 21:59:38
1459,129,41.05,debit,2024-11-18 08:16:32
1460,376,404.72,credit,2024-07-20 18:15:35
1461,336,123.2,debit,2024-09-09 10:57:20
1462,451,741.24,credit,2025-04-11 09:14:23
1463,123,894.42,credit,2025-03-10 04:00:15
1464,141,567.43,credit,2024-12-27 14:45:53
1465,329,960.68,debit,2024-09-29 12:47:57
1466,437,228.31,credit,2024-08-22 23:06:14
1467,116,968.98,debit,2024-07-16 03:24:56
1468,488,513.75,credit,2025-02-22 10:22:45
1469,94,135.89,credit,2024-05-10 20:15:24
1470,114,39.51,debit,2024-12-04 19:55:38
1471,412,742.48,debit,2025-03-06 19:02:44
1472,201,38.23,debit,2024-07-31 20:53:41
1473,449,243.99,credit,2024-06-19 13:26:32
1474,418,401.86,credit,2024-05-07 19:41:19
1475,333,93.09,credit,2024-10-28 19:04:22
1476,161,917.19,debit,2025-03-15 20:05:49
1477,469,101.97,credit,2024-08-31 02:22:04
1478,79,72.07,debit,2025-02-26 18:55:09
1479,496,90.71,credit,2024-04-19 08:37:35
1480,170,355.66,debit,2024-08-08 15:19:52
1481,222,596.27,credit,2024-06-09 09:30:10
1482,218,596.55,debit,2024-07-29 06:50:41
1483,424,359.59,debit,2024-10-06 04:32:50
1484,192,467.95,debit,2024-05-26 18:28:20
1485,308,693.98,credit,2024-10-12 22:23:43
1486,97,247.2,debit,2024-06-16 00:39:43
1487,56,632.97,debit,2024-12-29 08:00:47
1488,454,180.41,credit,2024-10-19 20:51:58
1489,17,776.76,debit,2024-10-21 14:32:16
1490,59,546.89,debit,2025-01-07 15:14:13
1491,391,56.26,credit,2024-08-28 14:25:57
1492,116,720.39,credit,2025-03-27 14:45:15
1493,462,787.7,credit,2024-07-30 03:28:56
1494,97,598.79,credit,2024-11-06 08:04:23
1495,45,522.62,credit,2025-04-09 14:10:26
1496,480,462.23,credit,2024-06-20 20:04:06
1497,137,259.2,credit,2024-05-10 15:19:29
1498,477,415.87,credit,2024-05-19 17:57:52
1499,142,678.07,credit,2024-06-09 14:32:24
1500,240,843.48,debit,2025-01-03 21:26:38
